original_url,suggested_filename,title_or_alt
https://zivotbavi.cz/wp-content/uploads/2018/03/Radost-ze-zivota-1.jpg,radost-ze-zivota-1.jpg,Radost ze zivota
https://zivotbavi.cz/wp-content/uploads/2018/03/background-texture-1.jpg,background-texture-1.jpg,background-texture-1
https://zivotbavi.cz/wp-content/uploads/2018/03/background-texture-2.jpg,background-texture-2.jpg,background-texture-2
https://zivotbavi.cz/wp-content/uploads/2018/03/background-texture-3.jpg,background-texture-3.jpg,background-texture-3
https://zivotbavi.cz/wp-content/uploads/2018/03/background-texture-4.jpg,background-texture-4.jpg,background-texture-4
https://zivotbavi.cz/wp-content/uploads/2018/03/background-texture-5.jpg,background-texture-5.jpg,background-texture-5
https://zivotbavi.cz/wp-content/uploads/2018/03/Radost-ze-zivota.jpg,radost-ze-zivota.jpg,Radost ze zivota
https://zivotbavi.cz/wp-content/uploads/2018/03/background-texture-6.jpg,background-texture-6.jpg,background-texture-6
https://zivotbavi.cz/wp-content/uploads/2018/03/home-office-05-3.jpg,home-office-05-3.jpg,home-office-05-3
https://zivotbavi.cz/wp-content/uploads/2018/03/srdce.jpg,srdce.jpg,srdce meditace
https://zivotbavi.cz/wp-content/uploads/2018/03/Facetune_20-03-2018-11-50-18-2.jpg,facetune-20-03-2018-11-50-18-2.jpg,Dita Hrudova
https://zivotbavi.cz/wp-content/uploads/2018/03/Facetune_20-03-2018-11-48-59.jpg,facetune-20-03-2018-11-48-59.jpg,Dita Hrudova
https://zivotbavi.cz/wp-content/uploads/2018/03/meditation-1837347.jpg,meditation-1837347.jpg,workshop pro ženy 2
https://zivotbavi.cz/wp-content/uploads/2018/03/adventure-1807524_1920-e1531251368189.jpg,adventure-1807524-1920-e1531251368189.jpg,muzi-kluci-sdileni-akce
https://zivotbavi.cz/wp-content/uploads/2018/03/girls-407685_1920.jpg,girls-407685-1920.jpg,zeny-akce
https://zivotbavi.cz/wp-content/uploads/2018/03/heart-1976646.jpg,heart-1976646.jpg,srdce-emoce-zena
https://zivotbavi.cz/wp-content/uploads/2018/03/people-2559723_1920-e1531251345686.jpg,people-2559723-1920-e1531251345686.jpg,zeny-sdileni-konzultace
https://zivotbavi.cz/wp-content/uploads/2018/03/the-girls-3015902_1920-e1531251319358.jpg,the-girls-3015902-1920-e1531251319358.jpg,zeny-sdileni
https://zivotbavi.cz/wp-content/uploads/2018/03/adventure-1807524_1920-2.jpg,adventure-1807524-1920-2.jpg,muzi-kluci-akce-zazitek
https://zivotbavi.cz/wp-content/uploads/2018/03/people-2559723_1920-2.jpg,people-2559723-1920-2.jpg,sdileni-zeny-konzultace
https://zivotbavi.cz/wp-content/uploads/2018/03/FB_IMG_1494591860526-2.jpg,fb-img-1494591860526-2.jpg,Dita Hrudova sebeprezentace
https://zivotbavi.cz/wp-content/uploads/2018/03/the-girls-3015902_1920-2.jpg,the-girls-3015902-1920-2.jpg,zeny sdileni workshop
https://zivotbavi.cz/wp-content/uploads/2018/03/background-texture-7.jpg,background-texture-7.jpg,background-texture-7
https://zivotbavi.cz/wp-content/uploads/2018/04/Velikonoce.jpg,velikonoce.jpg,Velikonoce
https://zivotbavi.cz/wp-content/uploads/2018/04/ZIVOT-BAVI-horizontal-colour.jpg,zivot-bavi-horizontal-colour.jpg,ZIVOT BAVI
https://zivotbavi.cz/wp-content/uploads/2018/04/ZIVOT-BAVI-horizontal-black.jpg,zivot-bavi-horizontal-black.jpg,ZIVOT BAVI black
https://zivotbavi.cz/wp-content/uploads/2018/04/ZIVOT-BAVI-favicon.jpg,zivot-bavi-favicon.jpg,ZIVOT BAVI favicon
https://zivotbavi.cz/wp-content/uploads/2018/04/Dita-mama-2.jpg,dita-mama-2.jpg,dita_mama
https://zivotbavi.cz/wp-content/uploads/2018/04/IMG_20180413_113239_resized_20180423_104321882-e1531251228444.jpg,img-20180413-113239-resized-20180423-104321882-e1531251228444.jpg,IMG_20180413_113239_resized_20180423_104321882
https://zivotbavi.cz/wp-content/uploads/2018/04/IMG_20180413_145647_resized_20180423_104319312-e1531251078330.jpg,img-20180413-145647-resized-20180423-104319312-e1531251078330.jpg,IMG_20180413_145647_resized_20180423_104319312
https://zivotbavi.cz/wp-content/uploads/2018/04/IMG_20180416_141026_resized_20180423_105401024.jpg,img-20180416-141026-resized-20180423-105401024.jpg,IMG_20180416_141026_resized_20180423_105401024
https://zivotbavi.cz/wp-content/uploads/2018/04/IMG_20180417_145338_resized_20180423_105402410-2-e1531251205391.jpg,img-20180417-145338-resized-20180423-105402410-2-e1531251205391.jpg,IMG_20180417_145338_resized_20180423_105402410 (2)
https://zivotbavi.cz/wp-content/uploads/2018/04/9-types-of-intelligence.png,9-types-of-intelligence.png,druhy inteligence
https://zivotbavi.cz/wp-content/uploads/2018/04/IMG_20180413_113239_resized_20180423_104321882-2.jpg,img-20180413-113239-resized-20180423-104321882-2.jpg,IMG_20180413_113239_resized_20180423_104321882 (2)
https://zivotbavi.cz/wp-content/uploads/2018/04/IMG_20180417_145338_resized_20180423_105402410-3.jpg,img-20180417-145338-resized-20180423-105402410-3.jpg,IMG_20180417_145338_resized_20180423_105402410 (3)
https://zivotbavi.cz/wp-content/uploads/2018/05/Dita-a-kun-ctverec.jpg,dita-a-kun-ctverec.jpg,Dita Hrudova
https://zivotbavi.cz/wp-content/uploads/2018/05/31398186_1808650512534622_8084090150084149248_n.jpg,31398186-1808650512534622-8084090150084149248-n.jpg,mám se ráda
https://zivotbavi.cz/wp-content/uploads/2018/05/31437517_1808650092534664_6062787891006799872_n-3-e1531251031159.jpg,31437517-1808650092534664-6062787891006799872-n-3-e1531251031159.jpg,Dita Hrudova a deti
https://zivotbavi.cz/wp-content/uploads/2018/05/IMG_20180418_160222_resized_20180503_095952782-2.jpg,img-20180418-160222-resized-20180503-095952782-2.jpg,rozkvetly strom
https://zivotbavi.cz/wp-content/uploads/2018/05/Dita-mama-3.jpg,dita-mama-3.jpg,Dita Hrudova mama
https://zivotbavi.cz/wp-content/uploads/2018/05/Dita-Hrudova-lektor.jpg,dita-hrudova-lektor.jpg,Dita Hrudova lektor
https://zivotbavi.cz/wp-content/uploads/2018/05/artificial-intelligence01_web.jpg,artificial-intelligence01-web.jpg,artificial-intelligence01_web
https://zivotbavi.cz/wp-content/uploads/2018/05/artificial-intelligence01_web-2.jpg,artificial-intelligence01-web-2.jpg,druhy inteligence
https://zivotbavi.cz/wp-content/uploads/2018/05/Dita-Hrudová-život-baví-1.jpg,dita-hrudova-zivot-bavi-1.jpg,Dita Hrudová život baví
https://zivotbavi.cz/wp-content/uploads/2018/06/IMG_20180622_101316_resized_20180624_070349801-e1531250941416.jpg,img-20180622-101316-resized-20180624-070349801-e1531250941416.jpg,Zivot bavi_jedeme na vylet
https://zivotbavi.cz/wp-content/uploads/2018/06/IMG_20180622_115950_resized_20180624_070536716-1-e1531251120210.jpg,img-20180622-115950-resized-20180624-070536716-1-e1531251120210.jpg,Zivot bavi_deti u vodopadu
https://zivotbavi.cz/wp-content/uploads/2018/06/IMG_20180622_190825_resized_20180624_070657010-2-e1531251153309.jpg,img-20180622-190825-resized-20180624-070657010-2-e1531251153309.jpg,Zivot bavi_jina kultura
https://zivotbavi.cz/wp-content/uploads/2018/07/FB_IMG_1494591860526-3-e1531251793200.jpg,fb-img-1494591860526-3-e1531251793200.jpg,Dita Hrudova_lektor_prezentace
https://zivotbavi.cz/wp-content/uploads/2018/07/silny-zazitek-e1531254264864.jpg,silny-zazitek-e1531254264864.jpg,silny zazitek
https://zivotbavi.cz/wp-content/uploads/2018/07/IMG_20180620_205607_resized_20180710_114050902-1-e1531259691930.jpg,img-20180620-205607-resized-20180710-114050902-1-e1531259691930.jpg,more_zapad slunce
https://zivotbavi.cz/wp-content/uploads/2018/07/Dita-na-plovaku-2.jpg,dita-na-plovaku-2.jpg,Dita na plovaku
https://zivotbavi.cz/wp-content/uploads/2018/08/brain-2750453_1280-e1533831034711.png,brain-2750453-1280-e1533831034711.png,inteligence u deti
https://zivotbavi.cz/wp-content/uploads/2018/08/logo-ACZ.jpg,logo-acz.jpg,logo ACZ
https://zivotbavi.cz/wp-content/uploads/2018/08/zapisky-z-prazdnin.png,zapisky-z-prazdnin.png,Zivot bavi_zapisky
https://zivotbavi.cz/wp-content/uploads/2018/08/IMG_20180829_114032_resized_20180831_093605066.jpg,img-20180829-114032-resized-20180831-093605066.jpg,na rozhledne
https://zivotbavi.cz/wp-content/uploads/2018/08/IMG_20180718_130347_resized_20180831_092306574.jpg,img-20180718-130347-resized-20180831-092306574.jpg,lavka pres reku
https://zivotbavi.cz/wp-content/uploads/2018/08/IMG_20180726_153825_resized_20180831_091843129.jpg,img-20180726-153825-resized-20180831-091843129.jpg,kaskader
https://zivotbavi.cz/wp-content/uploads/2018/08/IMG_20180725_105601_resized_20180831_091936532.jpg,img-20180725-105601-resized-20180831-091936532.jpg,IMG_20180725_105601_resized_20180831_091936532
https://zivotbavi.cz/wp-content/uploads/2018/09/IMG_20180806_133709_resized_20180831_091643477.jpg,img-20180806-133709-resized-20180831-091643477.jpg,zavrene dvere
https://zivotbavi.cz/wp-content/uploads/2018/09/IMG_20180712_224834_resized_20180831_092353960.jpg,img-20180712-224834-resized-20180831-092353960.jpg,ztraceni v trave
https://zivotbavi.cz/wp-content/uploads/2018/09/head-2147328_1280-e1537466920209.png,head-2147328-1280-e1537466920209.png,druhy inteligence
https://zivotbavi.cz/wp-content/uploads/2018/09/abfc47b88432dcdf795a2fea94436631-e1538588553561.jpg,abfc47b88432dcdf795a2fea94436631-e1538588553561.jpg,inteligence deti
https://zivotbavi.cz/wp-content/uploads/2018/10/IMG_20180801_192328_resized_20181003_095438787-2-e1538597605212.jpg,img-20180801-192328-resized-20181003-095438787-2-e1538597605212.jpg,Dita Hrudová
https://zivotbavi.cz/wp-content/uploads/2018/10/DSC_1093-2-e1538598124712.jpg,dsc-1093-2-e1538598124712.jpg,Dita Hrudova a deti
https://zivotbavi.cz/wp-content/uploads/2018/08/IMG_20180526_175313-2.jpg,img-20180526-175313-2.jpg,inteligence deti
https://zivotbavi.cz/wp-content/uploads/2018/11/reference.jpg,reference.jpg,zivot bavi reference
https://zivotbavi.cz/wp-content/uploads/2018/11/workshop-rozvoj-deti.jpg,workshop-rozvoj-deti.jpg,workshop rozvoj deti
https://zivotbavi.cz/wp-content/uploads/2018/11/zdravy-zivot.jpg,zdravy-zivot.jpg,zdravi bavi
https://zivotbavi.cz/wp-content/uploads/2018/11/girls-407685_1920-2.jpg,girls-407685-1920-2.jpg,workshop pro zeny
https://zivotbavi.cz/wp-content/uploads/2018/11/pomocnaruka-logo.png,pomocnaruka-logo.png,pomocna ruka
https://zivotbavi.cz/wp-content/uploads/2018/12/Darkovy-poukaz.png,darkovy-poukaz.png,Darkovy poukaz
https://zivotbavi.cz/wp-content/uploads/2018/12/staromak-vanocni.jpg,staromak-vanocni.jpg,Vanoce na Staromaku
https://zivotbavi.cz/wp-content/uploads/2018/12/pf-2019-Zivot-bavi.png,pf-2019-zivot-bavi.png,pf 2019 zivot bavi
https://zivotbavi.cz/wp-content/uploads/2019/01/Dita-titicaca-2.jpg,dita-titicaca-2.jpg,Dita Hrudova titicaca
https://zivotbavi.cz/wp-content/uploads/2019/01/Dita-titicaca-e1547748900270.jpg,dita-titicaca-e1547748900270.jpg,Dita titicaca
https://zivotbavi.cz/wp-content/uploads/2019/02/IMG_20190130_102830_resized_20190130_041956753.jpg,img-20190130-102830-resized-20190130-041956753.jpg,workshop pro zeny
https://zivotbavi.cz/wp-content/uploads/2019/02/IMG_20190130_102830_resized_20190130_041956753-1.jpg,img-20190130-102830-resized-20190130-041956753-1.jpg,workshop pro zeny mandala
https://zivotbavi.cz/wp-content/uploads/2019/02/IMG_20190130_122050_1_resized_20190130_041954501.jpg,img-20190130-122050-1-resized-20190130-041954501.jpg,IMG_20190130_122050_1_resized_20190130_041954501
https://zivotbavi.cz/wp-content/uploads/2019/02/IMG_20190130_122050_1_resized_20190130_041954501-1.jpg,img-20190130-122050-1-resized-20190130-041954501-1.jpg,IMG_20190130_122050_1_resized_20190130_041954501
https://zivotbavi.cz/wp-content/uploads/2019/02/IMG_20190130_122048_resized_20190130_041956288.jpg,img-20190130-122048-resized-20190130-041956288.jpg,IMG_20190130_122048_resized_20190130_041956288
https://zivotbavi.cz/wp-content/uploads/2019/02/IMG_20190130_122048_resized_20190130_041956288-1.jpg,img-20190130-122048-resized-20190130-041956288-1.jpg,IMG_20190130_122048_resized_20190130_041956288
https://zivotbavi.cz/wp-content/uploads/2019/02/IMG_20190130_122048_resized_20190130_041956288-2.jpg,img-20190130-122048-resized-20190130-041956288-2.jpg,workshop osobni znacka
https://zivotbavi.cz/wp-content/uploads/2019/02/IMG_20190130_120843_resized_20190130_041954956.jpg,img-20190130-120843-resized-20190130-041954956.jpg,workshop pro zeny osobni znacka 2
https://zivotbavi.cz/wp-content/uploads/2019/02/IMG_20190130_122051_resized_20190130_041954075.jpg,img-20190130-122051-resized-20190130-041954075.jpg,workhop osobni znacka 3
https://zivotbavi.cz/wp-content/uploads/2019/04/Dita-Hrudová-život-baví.jpg,dita-hrudova-zivot-bavi.jpg,Dita Hrudová život baví
https://zivotbavi.cz/wp-content/uploads/2019/04/Facetune-28-04-2018-15-31-13-e1554323765504.jpg,facetune-28-04-2018-15-31-13-e1554323765504.jpg,Dita Hrudová život baví
https://zivotbavi.cz/wp-content/uploads/2019/05/stehovani.jpg,stehovani.jpg,stehovani
https://zivotbavi.cz/wp-content/uploads/2019/05/strasidlo.jpg,strasidlo.jpg,strasidlo
https://zivotbavi.cz/wp-content/uploads/2019/05/cesta.jpg,cesta.jpg,zivotni cesta
https://zivotbavi.cz/wp-content/uploads/2018/08/surprised-3355958_960_720.jpg,surprised-3355958-960-720.jpg,priprava na pohovor
https://zivotbavi.cz/wp-content/uploads/2019/06/7139A4E8-95B8-4235-A922-17959BA3F0CA-3.jpeg,7139a4e8-95b8-4235-a922-17959ba3f0ca-3.jpeg,umeni sebeprezentace
https://zivotbavi.cz/wp-content/uploads/2019/09/IMG_20190130_102830_resized_20190130_041956753-2.jpg,img-20190130-102830-resized-20190130-041956753-2.jpg,workshop pro zeny
https://zivotbavi.cz/wp-content/uploads/2019/10/logo-Feel-Good.png,logo-feel-good.png,
https://zivotbavi.cz/wp-content/uploads/2020/01/clipdealer_A22168278_preview.jpg,clipdealer-a22168278-preview.jpg,Začít spolu
https://zivotbavi.cz/wp-content/uploads/2020/01/baby-blur-caring-e1580214706366.jpg,baby-blur-caring-e1580214706366.jpg,zvidave deti
https://zivotbavi.cz/wp-content/uploads/2020/01/baby-blur-caring-1.jpg,baby-blur-caring-1.jpg,baby-blur-caring
https://zivotbavi.cz/wp-content/uploads/2020/02/Zacit-spolu-logo.png,zacit-spolu-logo.png,Zacit spolu logo
https://zivotbavi.cz/wp-content/uploads/2020/03/snezenky-e1584097016456.jpg,snezenky-e1584097016456.jpg,zivot bavi na jare
https://zivotbavi.cz/wp-content/uploads/2020/03/stres-a-imunita.jpg,stres-a-imunita.jpg,stres a imunita
https://zivotbavi.cz/wp-content/uploads/2020/03/Svata-Hora.jpg,svata-hora.jpg,rodina na vylete
https://zivotbavi.cz/wp-content/uploads/2020/04/IMG_20200327_223227_resized_20200420_114151250.jpg,img-20200327-223227-resized-20200420-114151250.jpg,kluci v rousce
https://zivotbavi.cz/wp-content/uploads/2020/04/Návrat_.png,navrat.png,Návrat
https://zivotbavi.cz/wp-content/uploads/2020/04/Návrat_-1.png,navrat-1.png,Návrat
https://zivotbavi.cz/wp-content/uploads/2020/04/Návrat_-2.png,navrat-2.png,Návrat
https://zivotbavi.cz/wp-content/uploads/2020/09/IMG_20200910_223034-1.jpg,img-20200910-223034-1.jpg,Dita maska
https://zivotbavi.cz/wp-content/uploads/2020/09/IMG_20200825_095113-2.jpg,img-20200825-095113-2.jpg,Deti jdou do sveta
https://zivotbavi.cz/wp-content/uploads/2020/09/duha-1.jpg,duha-1.jpg,duha 1
https://zivotbavi.cz/wp-content/uploads/2020/11/artificial-intelligence01_web-2.jpg,artificial-intelligence01-web-2-1.jpg,Inteligence
https://zivotbavi.cz/wp-content/uploads/2020/11/Myšl.-mapa-Project.jpg,mysl-mapa-project.jpg,myšlenkova mapa
https://zivotbavi.cz/wp-content/uploads/2020/11/Inteligence-network-2.jpg,inteligence-network-2.jpg,Business program 3P
https://zivotbavi.cz/wp-content/uploads/2020/11/Zivot-bavi-pro-firmy_3P.pdf,zivot-bavi-pro-firmy-3p.pdf,Zivot bavi pro firmy_3P
https://zivotbavi.cz/wp-content/uploads/2020/11/Zivot-bavi-pro-firmy_3P.png,zivot-bavi-pro-firmy-3p.png,Zivot bavi pro firmy_3P
https://zivotbavi.cz/wp-content/uploads/2021/01/PF-2021.png,pf-2021.png,PF 2021
https://zivotbavi.cz/wp-content/uploads/2021/02/IMG_20210207_131615.jpg,img-20210207-131615.jpg,zimní terén na bojovku
https://zivotbavi.cz/wp-content/uploads/2021/02/IMG_20210131_135615_2.jpg,img-20210131-135615-2.jpg,bojovka - plnění úkolu
https://zivotbavi.cz/wp-content/uploads/2021/02/IMG_20210207_155906.jpg,img-20210207-155906.jpg,týmová bojovka
https://zivotbavi.cz/wp-content/uploads/2021/02/IMG_20210131_114122_10.jpg,img-20210131-114122-10.jpg,bojovka v terénu
https://zivotbavi.cz/wp-content/uploads/2021/02/kluci.jpg,kluci.jpg,týmová bojovka
https://zivotbavi.cz/wp-content/uploads/2021/02/Kolaz-bojovka.png,kolaz-bojovka.png,Zimni bojovka pro deti
https://zivotbavi.cz/wp-content/uploads/2021/03/IMG_20210320_172643.jpg,img-20210320-172643.jpg,strach
https://zivotbavi.cz/wp-content/uploads/2021/03/IMG_20201224_115638.jpg,img-20201224-115638.jpg,cesta naděje
https://zivotbavi.cz/wp-content/uploads/2021/04/Vratme-deti-zpatky.jpg,vratme-deti-zpatky.jpg,Vratme deti zpatky
https://zivotbavi.cz/wp-content/uploads/2021/11/IMG_20211029_125744-1.jpg,img-20211029-125744-1.jpg,Galleria Umberto
https://zivotbavi.cz/wp-content/uploads/2021/11/IMG_20211029_125853-2-1.jpg,img-20211029-125853-2-1.jpg,Tři bratři v galerii
https://zivotbavi.cz/wp-content/uploads/2021/11/IMG_20211031_151828-2-1.jpg,img-20211031-151828-2-1.jpg,Pohled na Neapol a Vesuv
https://zivotbavi.cz/wp-content/uploads/2021/11/IMG_20211030_120536.jpg,img-20211030-120536.jpg,Pláž Varcaturo
https://zivotbavi.cz/wp-content/uploads/2021/11/IMG_20211031_095314.jpg,img-20211031-095314.jpg,Podzemí Anfiteatro Flavio
https://zivotbavi.cz/wp-content/uploads/2021/11/IMG_20211031_102851.jpg,img-20211031-102851.jpg,Přístav Pozzuoli
https://zivotbavi.cz/wp-content/uploads/2021/11/IMG_20211031_134801-2.jpg,img-20211031-134801-2.jpg,Neapol
https://zivotbavi.cz/wp-content/uploads/2021/11/VID_20211027_171610.mp4,vid-20211027-171610.mp4,Radost z moře
https://zivotbavi.cz/wp-content/uploads/2021/12/PF-2022_ctverec.png,pf-2022-ctverec.png,PF 2022 Zivot bavi
https://zivotbavi.cz/wp-content/uploads/2022/02/IMG_20220225_181650.jpg,img-20220225-181650.jpg,slunce za obzorem
https://zivotbavi.cz/wp-content/uploads/2022/02/IMG_20220225_183104.jpg,img-20220225-183104.jpg,matka lyžařka
https://zivotbavi.cz/wp-content/uploads/2022/02/IMG_20220223_172156.jpg,img-20220223-172156.jpg,IMG_20220223_172156
https://zivotbavi.cz/wp-content/uploads/2022/02/IMG_20220225_181417-2.jpg,img-20220225-181417-2.jpg,IMG_20220225_181417 (2)
https://zivotbavi.cz/wp-content/uploads/2022/02/IMG_20220225_181650-2.jpg,img-20220225-181650-2.jpg,IMG_20220225_181650 (2)
https://zivotbavi.cz/wp-content/uploads/2022/02/IMG_20220225_181650-2-1.jpg,img-20220225-181650-2-1.jpg,slunce za obzorem
https://zivotbavi.cz/wp-content/uploads/2022/03/SbS_ZS_1.jpg,sbs-zs-1.jpg,SbS_ZS_1
https://zivotbavi.cz/wp-content/uploads/2022/03/SbS_ZS_1_male.jpg,sbs-zs-1-male.jpg,SbS_ZS_1_male
https://zivotbavi.cz/wp-content/uploads/2022/03/Dita-joga-3.jpg,dita-joga-3.jpg,Meditace zivot bavi
https://zivotbavi.cz/wp-content/uploads/2023/10/Žatec-UNESCO.png,zatec-unesco.png,Žatec UNESCO Začít spolu
https://zivotbavi.cz/wp-content/uploads/2023/10/Sverák-1.jpg,sverak-1.jpg,Zdeněk Svěrák a Dita Hrudová
https://zivotbavi.cz/wp-content/uploads/2023/10/mam-upr.jpeg,mam-upr.jpeg,mam upr
https://zivotbavi.cz/wp-content/uploads/2023/10/tata-upr.jpeg,tata-upr.jpeg,tata upr
https://zivotbavi.cz/wp-content/uploads/2023/10/Žatec-UNESCO-1.png,zatec-unesco-1.png,Žatec UNESCO Začít spolu
https://zivotbavi.cz/wp-content/uploads/2023/10/rodiče-vitani.jpeg,rodice-vitani.jpeg,rodiče vitani obcanku
https://zivotbavi.cz/wp-content/uploads/2023/11/Život-baví-koláž.png,zivot-bavi-kolaz.png,Život baví HOME
https://zivotbavi.cz/wp-content/uploads/2023/11/Život-baví-koláž-kostka.png,zivot-bavi-kolaz-kostka.png,Život baví HOME
https://zivotbavi.cz/wp-content/uploads/2024/10/život-bavi-v-dešti.png,zivot-bavi-v-desti.png,život bavi v dešti
https://zivotbavi.cz/wp-content/uploads/2024/10/žena-AI-2.png,zena-ai-2.png,humor je základ
https://zivotbavi.cz/wp-content/uploads/2024/10/žena-AI.png,zena-ai.png,žena s úsměvem
https://zivotbavi.cz/wp-content/uploads/2024/10/citát.png,citat.png,citát
